,Country or region,Overall rank,Score,Whisker.high,Whisker.low,GDP per capita,Social support,Healthy life expectancy,Freedom to make life choices,Generosity,Perceptions of corruption,Dystopia.Residual
0,Norway,1,7.537000179290769,7.59444482058287,7.47955553799868,1.6164631843566901,1.53352355957031,0.796666502952576,0.635422587394714,0.36201223731041,0.31596383452415505,2.27702665328979
1,Denmark,2,7.52199983596802,7.58172806486487,7.46227160707116,1.48238301277161,1.55112159252167,0.7925655245780941,0.626006722450256,0.3552804887294771,0.40077006816863997,2.31370735168457
2,Iceland,3,7.50400018692017,7.62203047305346,7.38596990078688,1.480633020401,1.6105740070343,0.8335521221160892,0.6271626353263849,0.47554022073745705,0.15352655947208402,2.32271528244019
3,Switzerland,4,7.49399995803833,7.56177242040634,7.42622749567032,1.5649795532226598,1.51691174507141,0.858131289482117,0.620070576667786,0.29054927825927696,0.36700728535652205,2.2767162322998
4,Finland,5,7.468999862670901,7.52754207581282,7.41045764952898,1.44357192516327,1.5402467250824,0.80915766954422,0.6179508566856379,0.24548277258873,0.38261154294014,2.4301815032958998
5,Netherlands,6,7.3769998550415,7.42742584124207,7.32657386884093,1.50394463539124,1.42893922328949,0.8106961250305179,0.5853844881057739,0.47048982977867104,0.282661825418472,2.29480409622192
6,Canada,7,7.31599998474121,7.3844028353691105,7.24759713411331,1.47920441627502,1.48134899139404,0.83455765247345,0.611100912094116,0.435539722442627,0.287371516227722,2.18726444244385
7,New Zealand,8,7.31400012969971,7.3795104418695,7.24848981752992,1.40570604801178,1.54819512367249,0.816759705543518,0.6140621304512021,0.500005125999451,0.38281670212745705,2.0464563369751
8,Sweden,9,7.28399991989136,7.34409487739205,7.22390496239066,1.49438726902008,1.47816216945648,0.830875158309937,0.612924098968506,0.38539925217628496,0.384398728609085,2.09753799438477
9,Australia,10,7.28399991989136,7.35665122494102,7.211348614841699,1.4844149351120002,1.5100419521331798,0.84388679265976,0.601607382297516,0.47769924998283403,0.301183730363846,2.06521081924438
10,Israel,11,7.212999820709231,7.279853256493809,7.14614638492465,1.3753824234008798,1.37628996372223,0.83840399980545,0.40598860383033797,0.330082654953003,0.0852421000599861,2.80175733566284
11,Costa Rica,12,7.0789999961853,7.16811166629195,6.989888326078651,1.10970628261566,1.4164036512374898,0.7595092654228209,0.580131649971008,0.21461322903633104,0.100106589496136,2.89863920211792
12,Austria,13,7.00600004196167,7.07066981211305,6.94133027181029,1.4870972633361799,1.4599449634552,0.8153284192085269,0.567766189575195,0.316472321748734,0.22106036543846105,2.1385064125061004
13,United States,14,6.993000030517581,7.07465674757957,6.91134331345558,1.54625928401947,1.4199205636978103,0.7742866277694699,0.505740523338318,0.392578780651093,0.135638788342476,2.2181134223937997
14,Ireland,15,6.9770002365112305,7.043351667523379,6.91064880549908,1.5357066392898602,1.5582311153411899,0.8097826242446899,0.5731103420257571,0.42785832285881,0.29838815331459007,1.77386903762817
15,Germany,16,6.9510002136230495,7.00538156926632,6.89661885797977,1.48792338371277,1.47252035140991,0.798950731754303,0.562511384487152,0.33626917004585305,0.276731938123703,2.01576995849609
16,Belgium,17,6.89099979400635,6.95582075044513,6.8261788375675705,1.4637807607650801,1.4623126983642598,0.8180918693542479,0.5397707223892211,0.23150333762168898,0.251343131065369,2.12421035766602
17,Luxembourg,18,6.86299991607666,6.923686099871991,6.80231373228133,1.74194359779358,1.45758366584778,0.845089495182037,0.59662789106369,0.283180981874466,0.31883442401886,1.61951208114624
18,United Kingdom,19,6.71400022506714,6.78379176110029,6.64420868903399,1.44163393974304,1.4964600801467902,0.805335938930511,0.508190035820007,0.492774158716202,0.265428066253662,1.7041435241699199
19,Chile,20,6.65199995040894,6.739250560104849,6.5647493407130195,1.25278460979462,1.28402495384216,0.8194797039031979,0.376895278692245,0.3266624212265011,0.0822879821062088,2.5095858573913596
20,United Arab Emirates,21,6.6479997634887695,6.72204730376601,6.57395222321153,1.6263433694839498,1.2664102315902699,0.726798236370087,0.60834527015686,0.3609419465065,0.324489563703537,1.734703540802
21,Brazil,22,6.6350002288818395,6.725469501614571,6.5445309561491,1.1073532104492199,1.43130600452423,0.6165523529052729,0.437453746795654,0.16234989464282998,0.11109276115894301,2.7692670822143595
22,Czech Republic,23,6.60900020599365,6.6838624626398095,6.5341379493475,1.35268235206604,1.4338852167129499,0.754444003105164,0.49094617366790794,0.0881067588925362,0.0368729270994663,2.45186185836792
23,Argentina,24,6.59899997711182,6.690085086077451,6.50791486814618,1.18529546260834,1.44045114517212,0.695137083530426,0.49451920390129106,0.109457060694695,0.05973988771438599,2.61400532722473
24,Mexico,25,6.57800006866455,6.67114890769124,6.48485122963786,1.1531838178634601,1.2108621597290001,0.709978997707367,0.412730008363724,0.12099043279886199,0.132774114608765,2.8371548652648904
25,Singapore,26,6.57200002670288,6.636723069101571,6.507276984304191,1.69227766990662,1.35381436347961,0.9494923949241642,0.549840569496155,0.345965981483459,0.46430778503417997,1.2163619995117199
26,Malta,27,6.52699995040894,6.598396772891281,6.455603127926589,1.34327983856201,1.48841166496277,0.821944236755371,0.588767051696777,0.5747305750846861,0.153066068887711,1.55686283111572
27,Uruguay,28,6.4539999961853,6.54590621769428,6.36209377467632,1.2175596952438401,1.4122278690338101,0.719216823577881,0.5793922543525699,0.175096929073334,0.17806187272071802,2.17240953445435
28,Guatemala,29,6.4539999961853,6.56687397271395,6.34112601965666,0.872001945972443,1.25558519363403,0.540239989757538,0.5313106179237371,0.283488392829895,0.0772232785820961,2.89389109611511
29,Panama,30,6.4520001411438,6.55713071614504,6.346869566142559,1.23374843597412,1.3731925487518302,0.706156134605408,0.550026834011078,0.21055693924427,0.070983923971653,2.30719995498657
30,France,31,6.44199991226196,6.515767802447081,6.36823202207685,1.43092346191406,1.38777685165405,0.8444658517837521,0.470222115516663,0.129762306809425,0.172502428293228,2.00595474243164
31,Thailand,32,6.4239997863769505,6.50911685571074,6.33888271704316,1.12786877155304,1.4257924556732198,0.647239029407501,0.580200731754303,0.572123110294342,0.0316127352416515,2.03950834274292
32,Taiwan Province of China,33,6.42199993133545,6.49459602192044,6.349403840750459,1.4336265325546298,1.38456535339355,0.793984234333038,0.361466586589813,0.258360475301743,0.0638292357325554,2.1266074180603
33,Spain,34,6.40299987792969,6.471054845303299,6.33494491055608,1.38439786434174,1.53209090232849,0.888960599899292,0.408781230449677,0.190133571624756,0.0709140971302986,1.92775774002075
34,Qatar,35,6.375,6.56847681432962,6.18152318567038,1.8707656860351598,1.27429687976837,0.7100980877876278,0.604130983352661,0.33047387003898604,0.43929925560951205,1.1454644203186002
35,Colombia,36,6.35699987411499,6.45202005416155,6.26197969406843,1.07062232494354,1.4021829366683998,0.595027923583984,0.47748741507530196,0.14901447296142598,0.0466687418520451,2.6160681247711204
36,Saudi Arabia,37,6.343999862670901,6.444166612029081,6.24383311331272,1.53062355518341,1.28667759895325,0.590148329734802,0.449750572443008,0.147616013884544,0.27343225479126004,2.0654296875
37,Trinidad and Tobago,38,6.1680002212524405,6.3815338906645795,5.95446655184031,1.36135590076447,1.3802285194397,0.5199832916259771,0.518630743026733,0.32529646158218395,0.00896481610834599,2.0532474517822297
38,Kuwait,39,6.10500001907349,6.1919569888711,6.01804304927588,1.63295245170593,1.25969874858856,0.6321057081222529,0.49633759260177596,0.228289797902107,0.21515955030918102,1.64042520523071
39,Slovakia,40,6.09800004959106,6.1773484121263005,6.01865168705583,1.32539355754852,1.5050592422485398,0.712732911109924,0.295817464590073,0.136544480919838,0.0242108516395092,2.09777665138245
40,Bahrain,41,6.08699989318848,6.17898906782269,5.995010718554259,1.4884122610092199,1.3231104612350502,0.653133034706116,0.536746919155121,0.17266848683357197,0.257042169570923,1.65614938735962
41,Malaysia,42,6.08400011062622,6.179979636520151,5.988020584732291,1.29121541976929,1.28464603424072,0.618784427642822,0.40226498246192893,0.416608929634094,0.0656007081270218,2.00444889068604
42,Nicaragua,43,6.07100009918213,6.186583600342269,5.955416598021981,0.737299203872681,1.28721570968628,0.6530959606170649,0.447551846504211,0.301674216985703,0.130687981843948,2.51393055915833
43,Ecuador,44,6.00799989700317,6.1058476753532895,5.910152118653059,1.00082039833069,1.2861688137054401,0.685636222362518,0.4551981985569,0.15011246502399403,0.140134647488594,2.29035258293152
44,El Salvador,45,6.002999782562259,6.108635122329,5.89736444279552,0.9097844958305359,1.1821250915527302,0.596018552780151,0.432452529668808,0.0782579854130745,0.0899809598922729,2.7145938873291002
45,Poland,46,5.97300004959106,6.05390834122896,5.892091757953169,1.29178786277771,1.44571197032928,0.699475347995758,0.520342111587524,0.158465966582298,0.0593078061938286,1.7977228164672898
46,Uzbekistan,47,5.97100019454956,6.06553757295012,5.876462816149,0.786441087722778,1.5489691495895401,0.498272627592087,0.6582486629486078,0.41598364710807795,0.246528223156929,1.8169136047363301
47,Italy,48,5.96400022506714,6.04273690596223,5.88526354417205,1.3950666189193701,1.44492328166962,0.8531443476676941,0.256450712680817,0.17278964817523998,0.0280280914157629,1.81331205368042
48,Russia,49,5.962999820709231,6.03027490749955,5.89572473391891,1.28177809715271,1.46928238868713,0.547349333763123,0.373783111572266,0.0522638224065304,0.0329628810286522,2.20560741424561
49,Belize,50,5.955999851226809,6.19724231779575,5.71475738465786,0.907975316047668,1.0814177989959701,0.45019176602363603,0.5475093722343439,0.24001564085483604,0.0965810716152191,2.63195562362671
50,Japan,51,5.92000007629395,5.99071944460273,5.8492807079851605,1.41691517829895,1.43633782863617,0.9134758710861209,0.505625545978546,0.12057276815175999,0.163760736584663,1.36322355270386
51,Lithuania,52,5.90199995040894,5.982669641375541,5.82133025944233,1.3145823478698702,1.47351610660553,0.62894994020462,0.234231784939766,0.010164656676352,0.0118656428530812,2.22844052314758
52,Algeria,53,5.872000217437741,5.978286433666941,5.76571400120854,1.09186446666718,1.1462174654007,0.6175846457481379,0.233335807919502,0.0694366469979286,0.14609611034393302,2.5676038265228303
53,Latvia,54,5.849999904632571,5.9202635382115805,5.77973627105355,1.26074862480164,1.40471494197845,0.638566970825195,0.32570791244506797,0.153074786067009,0.0738427266478539,1.9936552047729499
54,South Korea,55,5.837999820709231,5.922559028267861,5.7534406131506,1.40167844295502,1.1282744407653797,0.900214076042175,0.257921665906906,0.206674367189407,0.0632826685905457,1.8803780078887902
55,Moldova,56,5.837999820709231,5.90837083846331,5.767628802955151,0.7288706302642819,1.25182557106018,0.5894652009010309,0.24072904884815197,0.20877912640571603,0.0100912861526012,2.80780839920044
56,Romania,57,5.824999809265139,5.91969415679574,5.73030546173453,1.21768391132355,1.15009129047394,0.6851583123207089,0.457003742456436,0.133519917726517,0.0043879006989300294,2.17683148384094
57,Bolivia,58,5.82299995422363,5.9039769025146995,5.7420230059325705,0.833756566047668,1.2276190519332901,0.47363024950027505,0.5587329268455511,0.22556072473526,0.0604777261614799,2.4432790279388397
58,Turkmenistan,59,5.82200002670288,5.885180875509981,5.758819177895781,1.1307767629623402,1.49314916133881,0.437726080417633,0.41827192902565,0.24992498755454998,0.25927034020423895,1.83290982246399
59,Kazakhstan,60,5.8189997673034695,5.90364177465439,5.73435775995255,1.2845562696456898,1.3843690156936599,0.6060415506362921,0.43745428323745705,0.20196442306041698,0.11928288638591802,1.7848925590515101
60,North Cyprus,61,5.80999994277954,5.89736646488309,5.722633420675991,1.3469113111496,1.18630337715149,0.834647238254547,0.47120362520217896,0.266845703125,0.155353352427483,1.5491576194763201
61,Slovenia,62,5.75799989700317,5.84222516000271,5.673774634003639,1.3412059545516999,1.4525188207626298,0.7908282279968258,0.572575807571411,0.242649093270302,0.0451289787888527,1.31331729888916
62,Peru,63,5.71500015258789,5.81194677859545,5.61805352658033,1.0352252721786501,1.21877038478851,0.6301661133766171,0.45000287890434293,0.126819714903831,0.0470490865409374,2.2072694301605202
63,Mauritius,64,5.62900018692017,5.72986219167709,5.528138182163239,1.1893955469131499,1.20956099033356,0.6380074620246889,0.491247326135635,0.360933750867844,0.0421815551817417,1.6975839138031
64,Cyprus,65,5.62099981307983,5.714692699313161,5.527306926846499,1.3559380769729599,1.13136327266693,0.84471470117569,0.35511153936386103,0.271254301071167,0.0412379764020443,1.62124919891357
65,Estonia,66,5.61100006103516,5.68813987419009,5.533860247880219,1.3208793401718102,1.47667109966278,0.695168316364288,0.479131430387497,0.0988908112049103,0.18324892222881303,1.35750865936279
66,Belarus,67,5.5689997673034695,5.64611424401402,5.49188529059291,1.15655755996704,1.4449452161788898,0.6377142667770389,0.295400261878967,0.15513750910759,0.156313821673393,1.72323298454285
67,Libya,68,5.525000095367429,5.6769538068771395,5.373046383857731,1.1018030643463101,1.3575643301010099,0.520169019699097,0.465733230113983,0.15207366645336198,0.0926102101802826,1.8350112438201898
68,Turkey,69,5.5,5.59486496329308,5.40513503670692,1.1982743740081798,1.33775317668915,0.6376056075096129,0.300740599632263,0.0466930419206619,0.0996715798974037,1.87927794456482
69,Paraguay,70,5.493000030517581,5.57738126963377,5.4086187914013895,0.932537317276001,1.50728487968445,0.579250693321228,0.473507791757584,0.224150657653809,0.091065913438797,1.6853334903716999
70,"Hong Kong S.A.R., China",71,5.47200012207031,5.54959417313337,5.394406071007251,1.55167484283447,1.26279091835022,0.943062424659729,0.490968644618988,0.374465793371201,0.29393374919891396,0.554633140563965
71,Philippines,72,5.42999982833862,5.54533505424857,5.31466460242867,0.85769921541214,1.25391757488251,0.46800905466079706,0.585214674472809,0.193513423204422,0.0993318930268288,1.9726047515869098
72,Serbia,73,5.39499998092651,5.491569656133651,5.298430305719379,1.06931757926941,1.2581897974014298,0.65078467130661,0.20871552824974102,0.22012588381767298,0.0409037806093693,1.94708442687988
73,Jordan,74,5.33599996566772,5.448410022407769,5.223589908927679,0.9910123944282528,1.2390888929367099,0.6045900583267211,0.418421149253845,0.17217046022415197,0.11980327218771002,1.79117655754089
74,Hungary,75,5.32399988174438,5.4030397091805895,5.24496005430818,1.2860119342803997,1.34313309192657,0.6877634525299069,0.17586351931095098,0.0784016624093056,0.0366369374096394,1.7164592742919902
75,Jamaica,76,5.31099987030029,5.581398728489879,5.04060101211071,0.925579309463501,1.3682180643081698,0.6410223841667181,0.474307239055634,0.23381833732128102,0.0552677810192108,1.61232566833496
76,Croatia,77,5.2930002212524405,5.391777204573151,5.19422323793173,1.22255623340607,0.9679830074310299,0.701288521289825,0.255772292613983,0.248002976179123,0.0431031100451946,1.85449242591858
77,Kosovo,78,5.27899980545044,5.36484799548984,5.19315161541104,0.951484382152557,1.1378535032272301,0.541452050209045,0.260287940502167,0.319931447505951,0.0574716180562973,2.0105407238006596
78,China,79,5.2729997634887695,5.319278089776629,5.2267214372009,1.08116579055786,1.16083741188049,0.741415500640869,0.47278770804405196,0.0288068410009146,0.0227942746132612,1.76493859291077
79,Pakistan,80,5.26900005340576,5.35998364135623,5.17801646545529,0.7268835306167599,0.6726906895637509,0.40204778313636796,0.23521526157856,0.31544601917266807,0.12434806674718901,2.7924892902374303
80,Indonesia,81,5.26200008392334,5.35288859814405,5.17111156970263,0.995538592338562,1.2744446992874099,0.49234572052955605,0.443323463201523,0.611704587936401,0.0153171354904771,1.42947697639465
81,Venezuela,82,5.25,5.370031945556399,5.1299680544436,1.12843120098114,1.43133759498596,0.617144227027893,0.15399712324142498,0.0650196298956871,0.0644911229610443,1.78946375846863
82,Montenegro,83,5.23699998855591,5.34104444056749,5.132955536544321,1.12112903594971,1.23837649822235,0.6674646735191351,0.194989055395126,0.197911024093628,0.0881741940975189,1.72919154167175
83,Morocco,84,5.2350001335144,5.31834096476436,5.15165930226445,0.8781145811080929,0.774864435195923,0.59771066904068,0.408158332109451,0.0322099551558495,0.0877631828188896,2.45618939399719
84,Azerbaijan,85,5.234000205993651,5.29928653523326,5.168713876754049,1.1536017656326298,1.15240025520325,0.5407757759094239,0.39815583825111406,0.0452693402767181,0.180987507104874,1.7624816894531203
85,Dominican Republic,86,5.230000019073491,5.34906088516116,5.110939152985809,1.07937383651733,1.4024167060852097,0.574873745441437,0.55258983373642,0.186967849731445,0.113945253193378,1.3194651603698702
86,Greece,87,5.2270002365112305,5.3252461694181,5.12875430360436,1.28948748111725,1.23941457271576,0.8101989030838009,0.0957312509417534,0.0,0.043289776891470004,1.74922156333923
87,Lebanon,88,5.22499990463257,5.31888228848577,5.1311175207793704,1.07498753070831,1.1296242475509601,0.7350810766220089,0.28851598501205394,0.26445075869560203,0.037513829767704,1.69507384300232
88,Portugal,89,5.19500017166138,5.285041733086111,5.10495861023665,1.3151752948761002,1.36704301834106,0.795843541622162,0.498465299606323,0.0951027125120163,0.0158694516867399,1.10768270492554
89,Bosnia and Herzegovina,90,5.18200016021729,5.27633568674326,5.087664633691309,0.982409417629242,1.0693359375,0.705186307430267,0.204403176903725,0.328867495059967,0.0,1.89217257499695
90,Honduras,91,5.1810002326965305,5.30158279687166,5.0604176685214,0.730573117733002,1.14394497871399,0.582569479942322,0.348079860210419,0.23618887364864302,0.0733454525470734,2.0658111572265603
91,Macedonia,92,5.175000190734861,5.27217263966799,5.07782774180174,1.06457793712616,1.20789301395416,0.644948184490204,0.325905978679657,0.25376096367836,0.0602777935564518,1.6174693107605
92,Somalia,93,5.151000022888179,5.24248370990157,5.0595163358748,0.0226431842893362,0.7211513519287109,0.11398913711309401,0.602126955986023,0.291631311178207,0.28241032361984303,3.11748456954956
93,Vietnam,94,5.07399988174438,5.14728076457977,5.000718998909,0.7885475754737851,1.27749133110046,0.6521689891815191,0.571055591106415,0.23496805131435397,0.0876332372426987,1.46231865882874
94,Nigeria,95,5.07399988174438,5.209500135481361,4.93849962800741,0.783756256103516,1.21577048301697,0.0569157302379608,0.394952565431595,0.23094719648361198,0.0261215660721064,2.36539053916931
95,Tajikistan,96,5.04099988937378,5.11142559587956,4.970574182868,0.524713635444641,1.27146327495575,0.5292351245880129,0.47156670689582797,0.24899764358997303,0.14637714624404902,1.8490493297576898
96,Bhutan,97,5.01100015640259,5.07933456212282,4.94266575068235,0.885416388511658,1.3401265144348102,0.495879292488098,0.5015376806259161,0.474054545164108,0.17338038980960802,1.14018440246582
97,Kyrgyzstan,98,5.0040001869201705,5.089919903129339,4.918080470710991,0.5962200760841371,1.39423859119415,0.553457796573639,0.454943388700485,0.42858037352562,0.0394391790032387,1.5367231369018601
98,Nepal,99,4.961999893188481,5.06735607936978,4.856643707007169,0.479820191860199,1.17928326129913,0.504130780696869,0.44030594825744607,0.39409616589546204,0.0729755461215973,1.8912410736084
99,Mongolia,100,4.95499992370605,5.021679509133099,4.88832033827901,1.0272358655929599,1.4930112361908001,0.557783484458923,0.39414396882057207,0.338464230298996,0.0329022891819477,1.1112923622131299
100,South Africa,101,4.8289999961853,4.92943518772721,4.72856480464339,1.05469870567322,1.38478863239288,0.18708007037639604,0.479246735572815,0.13936237990856198,0.0725094974040985,1.51090860366821
101,Tunisia,102,4.80499982833862,4.88436700701714,4.725632649660111,1.00726580619812,0.8683514595031742,0.613212049007416,0.289680689573288,0.0496933571994305,0.0867231488227844,1.8902511596679699
102,Palestinian Territories,103,4.77500009536743,4.88184834256768,4.66815184816718,0.716249227523804,1.1556471586227401,0.565666973590851,0.25471106171608,0.114173173904419,0.0892826020717621,1.8788902759552
103,Egypt,104,4.7350001335144,4.82513378962874,4.644866477400059,0.989701807498932,0.997471392154694,0.520187258720398,0.28211015462875394,0.128631442785263,0.114381365478039,1.70216107368469
104,Bulgaria,105,4.71400022506714,4.8036947064101705,4.62430574372411,1.1614590883255,1.4343794584274299,0.708217680454254,0.28923171758651695,0.113177694380283,0.0110515309497714,0.996139287948608
105,Sierra Leone,106,4.70900011062622,4.85064333498478,4.56735688626766,0.36842092871666,0.984136044979095,0.005564753897488121,0.318697690963745,0.293040901422501,0.0710951760411263,2.66845989227295
106,Cameroon,107,4.69500017166138,4.79654085725546,4.5934594860672995,0.564305365085602,0.946018218994141,0.132892116904259,0.430388748645782,0.23629845678806302,0.0513066314160824,2.3336455821991
107,Iran,108,4.69199991226196,4.79822470769286,4.585775116831059,1.15687310695648,0.7115512490272521,0.639333188533783,0.24932260811328896,0.387242913246155,0.048761073499918005,1.49873495101929
108,Albania,109,4.64400005340576,4.75246400639415,4.53553610041738,0.996192753314972,0.8036852478981021,0.731159746646881,0.381498634815216,0.20131294429302202,0.0398642159998417,1.49044156074524
109,Bangladesh,110,4.60799980163574,4.68982165828347,4.52617794498801,0.586682975292206,0.735131740570068,0.533241033554077,0.478356659412384,0.17225535213947304,0.123717859387398,1.9787361621856698
110,Namibia,111,4.57399988174438,4.770354740917679,4.37764502257109,0.964434325695038,1.0984708070755,0.33861181139946,0.520303547382355,0.0771337449550629,0.0931469723582268,1.4818902015686002
111,Kenya,112,4.55299997329712,4.65569159060717,4.450308355987071,0.560479462146759,1.0679507255554201,0.30998834967613204,0.45276376605033897,0.444860309362411,0.0646413192152977,1.6519021987915001
112,Mozambique,113,4.550000190734861,4.774102326333519,4.3258980551362,0.23430564999580397,0.870701014995575,0.10665443539619399,0.48079109191894503,0.322228103876114,0.17943638563156103,2.3556509017944305
113,Myanmar,114,4.54500007629395,4.61473994642496,4.47526020616293,0.36711055040359497,1.12323594093323,0.397522568702698,0.514492034912109,0.8380751609802249,0.188816204667091,1.11529040336609
114,Senegal,115,4.53499984741211,4.6016037812829005,4.468395913541321,0.479309022426605,1.17969191074371,0.409362852573395,0.37792226672172496,0.183468893170357,0.11546044796705199,1.78964614868164
115,Zambia,116,4.513999938964839,4.64410550147295,4.38389437645674,0.6364067792892459,1.00318729877472,0.25783589482307395,0.461603492498398,0.249580144882202,0.0782135501503944,1.82670545578003
116,Iraq,117,4.49700021743774,4.62259140968323,4.37140902519226,1.1027104854583702,0.978613197803497,0.501180469989777,0.288555532693863,0.19963726401329,0.10721575468778599,1.31890726089478
117,Gabon,118,4.46500015258789,4.5573617656529,4.37263853952289,1.1982102394104,1.1556202173233001,0.35657858848571794,0.31232857704162603,0.0437853783369064,0.0760467872023582,1.3229162693023702
118,Ethiopia,119,4.46000003814697,4.54272867664695,4.377271399646999,0.339233845472336,0.8646692037582401,0.35340970754623396,0.408842742443085,0.31265074014663696,0.16545571386814098,2.01574373245239
119,Sri Lanka,120,4.44000005722046,4.55344719231129,4.32655292212963,1.00985014438629,1.25997638702393,0.625130832195282,0.561213254928589,0.49086356163024897,0.0736539661884308,0.41938924789428705
120,Armenia,121,4.37599992752075,4.46673461228609,4.28526524275541,0.900596737861633,1.00748372077942,0.637524425983429,0.198303267359734,0.0834880918264389,0.0266744215041399,1.5214991569518999
121,India,122,4.31500005722046,4.37152201749384,4.25847809694707,0.7922212481498722,0.754372596740723,0.455427616834641,0.469987004995346,0.23153848946094502,0.0922268852591515,1.5191171169281
122,Mauritania,123,4.29199981689453,4.37716361626983,4.20683601751924,0.6484572887420649,1.2720308303833001,0.285349279642105,0.0960980430245399,0.201870024204254,0.136957004666328,1.65163731575012
123,Congo (Brazzaville),124,4.29099988937378,4.41005350500345,4.17194627374411,0.8089642524719242,0.8320443630218509,0.28995743393898,0.4350258708000179,0.12085212767124198,0.0796181336045265,1.7241356372833299
124,Georgia,125,4.28599977493286,4.37493396580219,4.19706558406353,0.950612664222717,0.57061493396759,0.649546980857849,0.309410035610199,0.0540088154375553,0.25166663527488703,1.50013780593872
125,Congo (Kinshasa),126,4.2800002098083505,4.357810832709069,4.20218958690763,0.0921023488044739,1.22902345657349,0.191407024860382,0.235961347818375,0.246455833315849,0.0602413564920425,2.22495865821838
126,Mali,127,4.19000005722046,4.26967071101069,4.110329403430221,0.476180493831635,1.2814733982086202,0.16936567425727803,0.306613743305206,0.183354198932648,0.10497024655342098,1.66819095611572
127,Ivory Coast,128,4.17999982833862,4.27518256321549,4.0848170934617505,0.6030489206314089,0.904780030250549,0.0486421696841717,0.4477061927318571,0.201237469911575,0.130061775445938,1.84496426582336
128,Cambodia,129,4.1680002212524405,4.27851781353354,4.05748262897134,0.6017650961875921,1.00623834133148,0.429783403873444,0.633375823497772,0.385922968387604,0.0681059509515762,1.04294109344482
129,Sudan,130,4.138999938964839,4.34574716508389,3.9322527128458,0.6595166921615601,1.21400856971741,0.290920823812485,0.0149958552792668,0.182317450642586,0.089847519993782,1.6870658397674598
130,Ghana,131,4.11999988555908,4.22270720854402,4.01729256257415,0.667224824428558,0.873664736747742,0.29563772678375205,0.423026293516159,0.25692394375801103,0.0253363698720932,1.57786750793457
131,Ukraine,132,4.09600019454956,4.18541010454297,4.006590284556149,0.89465194940567,1.39453756809235,0.575903952121735,0.12297477573156401,0.270061463117599,0.0230294708162546,0.8143823146820072
132,Uganda,133,4.08099985122681,4.19579996705055,3.9661997354030603,0.381430715322495,1.12982773780823,0.21763260662555703,0.443185955286026,0.32576605677604703,0.057069718837738,1.526362657547
133,Burkina Faso,134,4.03200006484985,4.1240590643882795,3.93994106531143,0.35022771358490007,1.04328000545502,0.21584425866603896,0.32436785101890603,0.250864684581757,0.12032810598611803,1.72721290588379
134,Niger,135,4.02799987792969,4.11194681972265,3.9440529361367203,0.16192533075809498,0.993025004863739,0.26850500702858,0.36365869641304,0.22867384552955602,0.13857294619083402,1.87398338317871
135,Malawi,136,3.97000002861023,4.07747881740332,3.86252123981714,0.233442038297653,0.5125688314437871,0.315089583396912,0.466914653778076,0.28717046976089505,0.0727116540074348,2.08178615570068
136,Chad,137,3.9360001087188703,4.0347115239501,3.8372886934876402,0.43801298737525896,0.953855872154236,0.0411347150802612,0.16234202682972002,0.21611385047435802,0.0535818822681904,2.07123804092407
137,Zimbabwe,138,3.875,3.97869964271784,3.77130035728216,0.37584653496742204,1.08309590816498,0.19676375389099102,0.336384207010269,0.189143493771553,0.0953753814101219,1.59797024726868
138,Lesotho,139,3.80800008773804,4.04434397548437,3.5716561999917,0.521021246910095,1.19009518623352,0.0,0.390661299228668,0.157497271895409,0.119094640016556,1.42983531951904
139,Angola,140,3.79500007629395,3.9516419354081203,3.63835821717978,0.8584281802177429,1.1044119596481299,0.0498686656355858,0.0,0.09792649000883098,0.0697203353047371,1.6144824028015101
140,Afghanistan,141,3.7939999103546103,3.8736614152789106,3.71433840543032,0.401477217674255,0.581543326377869,0.18074677884578697,0.106179520487785,0.311870932579041,0.0611578300595284,2.15080118179321
141,Botswana,142,3.7660000324249303,3.8741226662695403,3.65787739858031,1.12209415435791,1.2215549945831299,0.34175550937652605,0.505196332931519,0.0993484482169151,0.0985831990838051,0.37791371345520003
142,Benin,143,3.65700006484985,3.74578355133533,3.56821657836437,0.43108540773391707,0.43529984354972795,0.20993021130561804,0.42596277594566295,0.207948461174965,0.0609290152788162,1.88563096523285
143,Madagascar,144,3.64400005340576,3.7143191058933698,3.57368100091815,0.305808693170547,0.9130203723907471,0.375223308801651,0.18919676542282102,0.208732530474663,0.0672319754958153,1.58461260795593
144,Haiti,145,3.6029999256133998,3.73471479773521,3.4712850534915902,0.368610262870789,0.640449821949005,0.277321130037308,0.0303698573261499,0.48920378088951094,0.0998721495270729,1.69716763496399
145,Yemen,146,3.59299993515015,3.6927503198385203,3.4932495504617704,0.5916834473609921,0.93538224697113,0.310080915689468,0.24946372210979503,0.104125209152699,0.0567674227058887,1.3456006050109899
146,South Sudan,147,3.5910000801086404,3.7255385857820498,3.45646157443523,0.39724862575531,0.601323127746582,0.163486003875732,0.147062435746193,0.285670816898346,0.116793513298035,1.8795673847198502
147,Liberia,148,3.5329999923706095,3.6537562608718903,3.4122437238693197,0.11904179304838199,0.8721179366111759,0.229918196797371,0.33288118243217496,0.26654988527298,0.0389482490718365,1.6732859611511202
148,Guinea,149,3.50699996948242,3.58442812889814,3.4295718100667,0.24454993009567302,0.7912446856498722,0.194129139184952,0.348587512969971,0.264815092086792,0.110937617719173,1.55231189727783
149,Togo,150,3.4949998855590803,3.59403811171651,3.39596165940166,0.30544471740722695,0.4318825304508211,0.247105568647385,0.38042613863945,0.19689615070819896,0.0956650152802467,1.8372292518615703
150,Rwanda,151,3.47099995613098,3.54303023353219,3.3989696787297703,0.368745893239975,0.945707023143768,0.326424807310104,0.5818438529968261,0.25275602936744695,0.455220013856888,0.540061235427856
151,Syria,152,3.46199989318848,3.66366855680943,3.2603312295675297,0.777153134346008,0.396102607250214,0.5005333423614501,0.0815394446253777,0.49366372823715204,0.15134713053703303,1.06157350540161
152,Tanzania,153,3.34899997711182,3.4614297553896898,3.23657019883394,0.511135876178741,1.04198980331421,0.364509284496307,0.390017777681351,0.354256361722946,0.0660351067781448,0.621130466461182
153,Burundi,154,2.90499997138977,3.07469033300877,2.73530960977077,0.09162256866693501,0.629793584346771,0.151610791683197,0.0599007532000542,0.20443518459796897,0.0841479450464249,1.68302416801453
154,Central African Republic,155,2.69300007820129,2.8648842692375203,2.52111588716507,0.0,0.0,0.0187726859003305,0.270842045545578,0.280876487493515,0.0565650761127472,2.06600475311279
0,Finland,1,7.632000000000001,,,1.305,1.5919999999999999,0.8740000000000001,0.6809999999999999,0.20199999999999999,0.39299999999999996,
1,Norway,2,7.593999999999999,,,1.456,1.5819999999999999,0.861,0.6859999999999999,0.28600000000000003,0.34,
2,Denmark,3,7.555,,,1.351,1.59,0.868,0.6829999999999999,0.284,0.408,
3,Iceland,4,7.495,,,1.3430000000000002,1.6440000000000001,0.914,0.677,0.353,0.138,
4,Switzerland,5,7.487,,,1.42,1.5490000000000002,0.927,0.66,0.256,0.35700000000000004,
5,Netherlands,6,7.441,,,1.361,1.4880000000000002,0.878,0.638,0.33299999999999996,0.295,
6,Canada,7,7.327999999999999,,,1.33,1.5319999999999998,0.8959999999999999,0.653,0.321,0.29100000000000004,
7,New Zealand,8,7.324,,,1.268,1.601,0.8759999999999999,0.669,0.365,0.389,
8,Sweden,9,7.314,,,1.355,1.501,0.9129999999999999,0.659,0.285,0.38299999999999995,
9,Australia,10,7.272,,,1.34,1.5730000000000002,0.91,0.647,0.361,0.302,
10,United Kingdom,11,7.19,,,1.244,1.433,0.888,0.46399999999999997,0.262,0.08199999999999999,
11,Austria,12,7.138999999999999,,,1.341,1.504,0.8909999999999999,0.617,0.242,0.22399999999999998,
12,Costa Rica,13,7.072,,,1.01,1.459,0.8170000000000001,0.632,0.14300000000000002,0.10099999999999999,
13,Ireland,14,6.977,,,1.4480000000000002,1.5830000000000002,0.8759999999999999,0.614,0.307,0.306,
14,Germany,15,6.965,,,1.34,1.474,0.861,0.586,0.273,0.28,
15,Belgium,16,6.9270000000000005,,,1.324,1.483,0.894,0.583,0.188,0.24,
16,Luxembourg,17,6.91,,,1.5759999999999998,1.52,0.8959999999999999,0.632,0.196,0.321,
17,United States,18,6.886,,,1.3980000000000001,1.4709999999999999,0.8190000000000001,0.547,0.29100000000000004,0.133,
18,Israel,19,6.814,,,1.301,1.5590000000000002,0.883,0.5329999999999999,0.354,0.272,
19,United Arab Emirates,20,6.774,,,2.096,0.7759999999999999,0.67,0.284,0.18600000000000003,,
20,Czech Republic,21,6.711,,,1.2329999999999999,1.489,0.8540000000000001,0.5429999999999999,0.064,0.034,
21,Malta,22,6.627000000000001,,,1.27,1.525,0.884,0.645,0.376,0.142,
22,France,23,6.489,,,1.2930000000000001,1.466,0.9079999999999999,0.52,0.098,0.17600000000000002,
23,Mexico,24,6.4879999999999995,,,1.038,1.252,0.7609999999999999,0.479,0.069,0.095,
24,Chile,25,6.476,,,1.131,1.331,0.8079999999999999,0.431,0.19699999999999998,0.061,
25,Taiwan,26,6.441,,,1.365,1.436,0.857,0.418,0.151,0.078,
26,Panama,27,6.43,,,1.112,1.4380000000000002,0.759,0.597,0.125,0.063,
27,Brazil,28,6.419,,,0.986,1.474,0.675,0.493,0.11,0.08800000000000001,
28,Argentina,29,6.388,,,1.073,1.4680000000000002,0.7440000000000001,0.57,0.062,0.054000000000000006,
29,Guatemala,30,6.382000000000001,,,0.7809999999999999,1.268,0.608,0.604,0.179,0.071,
30,Uruguay,31,6.379,,,1.093,1.459,0.7709999999999999,0.625,0.13,0.155,
31,Qatar,32,6.374,,,1.649,1.3030000000000002,0.748,0.654,0.256,0.171,
32,Saudi Arabia,33,6.371,,,1.379,1.331,0.633,0.509,0.098,0.127,
33,Singapore,34,6.343,,,1.5290000000000001,1.4509999999999998,1.008,0.631,0.261,0.457,
34,Malaysia,35,6.322,,,1.161,1.258,0.669,0.35600000000000004,0.311,0.059000000000000004,
35,Spain,36,6.31,,,1.251,1.538,0.965,0.449,0.142,0.07400000000000001,
36,Colombia,37,6.26,,,0.96,1.439,0.635,0.531,0.099,0.039,
37,Trinidad & Tobago,38,6.192,,,1.2229999999999999,1.492,0.564,0.575,0.171,0.019,
38,Slovakia,39,6.172999999999999,,,1.21,1.537,0.7759999999999999,0.354,0.11800000000000001,0.013999999999999999,
39,El Salvador,40,6.167000000000001,,,0.8059999999999999,1.2309999999999999,0.639,0.461,0.065,0.08199999999999999,
40,Nicaragua,41,6.141,,,0.6679999999999999,1.319,0.7,0.527,0.20800000000000002,0.128,
41,Poland,42,6.122999999999999,,,1.176,1.4480000000000002,0.7809999999999999,0.546,0.10800000000000001,0.064,
42,Bahrain,43,6.105,,,1.338,1.3659999999999999,0.698,0.594,0.243,0.12300000000000001,
43,Uzbekistan,44,6.096,,,0.7190000000000001,1.584,0.605,0.7240000000000001,0.32799999999999996,0.259,
44,Kuwait,45,6.082999999999999,,,1.474,1.301,0.675,0.5539999999999999,0.16699999999999998,0.106,
45,Thailand,46,6.072,,,1.016,1.4169999999999998,0.7070000000000001,0.637,0.364,0.028999999999999998,
46,Italy,47,6.0,,,1.264,1.501,0.946,0.281,0.13699999999999998,0.027999999999999997,
47,Ecuador,48,5.973,,,0.889,1.33,0.736,0.556,0.114,0.12,
48,Belize,49,5.956,,,0.807,1.101,0.474,0.593,0.183,0.08900000000000001,
49,Lithuania,50,5.952000000000001,,,1.197,1.527,0.716,0.35,0.026000000000000002,0.006,
50,Slovenia,51,5.9479999999999995,,,1.219,1.506,0.856,0.633,0.16,0.051,
51,Romania,52,5.945,,,1.1159999999999999,1.219,0.726,0.528,0.08800000000000001,0.001,
52,Latvia,53,5.933,,,1.148,1.454,0.6709999999999999,0.363,0.092,0.066,
53,Japan,54,5.915,,,1.294,1.462,0.988,0.5529999999999999,0.079,0.15,
54,Mauritius,55,5.891,,,1.09,1.3869999999999998,0.684,0.584,0.245,0.05,
55,Jamaica,56,5.89,,,0.8190000000000001,1.493,0.693,0.575,0.096,0.031,
56,South Korea,57,5.875,,,1.266,1.204,0.955,0.244,0.175,0.051,
57,Northern Cyprus,58,5.835,,,1.229,1.2109999999999999,0.909,0.495,0.179,0.154,
58,Russia,59,5.81,,,1.151,1.479,0.599,0.39899999999999997,0.065,0.025,
59,Kazakhstan,60,5.79,,,1.143,1.516,0.631,0.45399999999999996,0.14800000000000002,0.121,
60,Cyprus,61,5.7620000000000005,,,1.229,1.1909999999999998,0.909,0.423,0.20199999999999999,0.035,
61,Bolivia,62,5.752000000000001,,,0.7509999999999999,1.2229999999999999,0.508,0.606,0.141,0.054000000000000006,
62,Estonia,63,5.739,,,1.2,1.5319999999999998,0.737,0.5529999999999999,0.086,0.174,
63,Paraguay,64,5.681,,,0.835,1.5219999999999998,0.615,0.541,0.162,0.07400000000000001,
64,Peru,65,5.662999999999999,,,0.934,1.249,0.674,0.53,0.092,0.034,
65,Kosovo,66,5.662000000000001,,,0.855,1.23,0.578,0.44799999999999995,0.27399999999999997,0.023,
66,Moldova,67,5.64,,,0.657,1.301,0.62,0.23199999999999998,0.171,0.0,
67,Turkmenistan,68,5.636,,,1.016,1.5330000000000001,0.517,0.41700000000000004,0.19899999999999998,0.037000000000000005,
68,Hungary,69,5.62,,,1.171,1.401,0.732,0.259,0.061,0.022000000000000002,
69,Libya,70,5.566,,,0.985,1.35,0.5529999999999999,0.496,0.11599999999999999,0.14800000000000002,
70,Philippines,71,5.524,,,0.775,1.3119999999999998,0.513,0.643,0.12,0.105,
71,Honduras,72,5.504,,,0.62,1.205,0.622,0.45899999999999996,0.19699999999999998,0.07400000000000001,
72,Belarus,73,5.483,,,1.0390000000000001,1.4980000000000002,0.7,0.307,0.10099999999999999,0.154,
73,Turkey,74,5.483,,,1.148,1.38,0.6859999999999999,0.324,0.106,0.109,
74,Pakistan,75,5.472,,,0.652,0.81,0.424,0.33399999999999996,0.21600000000000003,0.113,
75,Hong Kong,76,5.43,,,1.405,1.29,1.03,0.524,0.24600000000000002,0.29100000000000004,
76,Portugal,77,5.41,,,1.188,1.429,0.884,0.562,0.055,0.017,
77,Serbia,78,5.398,,,0.975,1.369,0.685,0.28800000000000003,0.134,0.043,
78,Greece,79,5.358,,,1.1540000000000001,1.202,0.879,0.131,0.0,0.044000000000000004,
79,Lebanon,80,5.358,,,0.965,1.179,0.785,0.503,0.214,0.136,
80,Montenegro,81,5.347,,,1.0170000000000001,1.2790000000000001,0.7290000000000001,0.259,0.111,0.081,
81,Croatia,82,5.321000000000001,,,1.115,1.161,0.737,0.38,0.12,0.039,
82,Dominican Republic,83,5.3020000000000005,,,0.982,1.4409999999999998,0.614,0.578,0.12,0.106,
83,Algeria,84,5.295,,,0.9790000000000001,1.1540000000000001,0.687,0.077,0.055,0.135,
84,Morocco,85,5.254,,,0.779,0.797,0.669,0.46,0.026000000000000002,0.07400000000000001,
85,China,86,5.246,,,0.9890000000000001,1.1420000000000001,0.799,0.597,0.028999999999999998,0.10300000000000001,
86,Azerbaijan,87,5.2010000000000005,,,1.024,1.161,0.603,0.43,0.031,0.17600000000000002,
87,Tajikistan,88,5.199,,,0.474,1.166,0.598,0.292,0.187,0.034,
88,Macedonia,89,5.185,,,0.9590000000000001,1.239,0.691,0.39399999999999996,0.17300000000000001,0.052000000000000005,
89,Jordan,90,5.1610000000000005,,,0.8220000000000001,1.265,0.645,0.46799999999999997,0.13,0.134,
90,Nigeria,91,5.155,,,0.6890000000000001,1.172,0.048,0.462,0.201,0.032,
91,Kyrgyzstan,92,5.131,,,0.53,1.416,0.594,0.54,0.281,0.035,
92,Bosnia and Herzegovina,93,5.129,,,0.915,1.078,0.758,0.28,0.21600000000000003,0.0,
93,Mongolia,94,5.125,,,0.914,1.517,0.575,0.395,0.253,0.032,
94,Vietnam,95,5.103,,,0.715,1.365,0.7020000000000001,0.618,0.177,0.079,
95,Indonesia,96,5.093,,,0.899,1.215,0.522,0.5379999999999999,0.484,0.018000000000000002,
96,Bhutan,97,5.082,,,0.7959999999999999,1.335,0.527,0.541,0.364,0.171,
97,Somalia,98,4.982,,,0.0,0.7120000000000001,0.115,0.674,0.23800000000000002,0.282,
98,Cameroon,99,4.975,,,0.535,0.8909999999999999,0.182,0.45399999999999996,0.183,0.043,
99,Bulgaria,100,4.933,,,1.054,1.515,0.7120000000000001,0.359,0.064,0.009000000000000001,
100,Nepal,101,4.88,,,0.425,1.228,0.539,0.526,0.302,0.078,
101,Venezuela,102,4.806,,,0.996,1.469,0.657,0.133,0.055999999999999994,0.052000000000000005,
102,Gabon,103,4.758,,,1.036,1.1640000000000001,0.40399999999999997,0.35600000000000004,0.032,0.052000000000000005,
103,Palestinian Territories,104,4.743,,,0.642,1.217,0.602,0.266,0.086,0.076,
104,South Africa,105,4.724,,,0.94,1.41,0.33,0.516,0.10300000000000001,0.055999999999999994,
105,Iran,106,4.707,,,1.0590000000000002,0.7709999999999999,0.691,0.45899999999999996,0.282,0.129,
106,Ivory Coast,107,4.671,,,0.541,0.872,0.08,0.467,0.146,0.10300000000000001,
107,Ghana,108,4.657,,,0.5920000000000001,0.8959999999999999,0.337,0.499,0.212,0.028999999999999998,
108,Senegal,109,4.631,,,0.429,1.117,0.433,0.406,0.138,0.08199999999999999,
109,Laos,110,4.623,,,0.72,1.034,0.441,0.626,0.23,0.174,
110,Tunisia,111,4.592,,,0.9,0.9059999999999999,0.69,0.271,0.04,0.063,
111,Albania,112,4.586,,,0.9159999999999999,0.8170000000000001,0.79,0.419,0.149,0.032,
112,Sierra Leone,113,4.571000000000001,,,0.256,0.813,0.0,0.355,0.23800000000000002,0.053,
113,Congo (Brazzaville),114,4.559,,,0.682,0.8109999999999999,0.34299999999999997,0.514,0.091,0.077,
114,Bangladesh,115,4.5,,,0.532,0.85,0.579,0.58,0.153,0.14400000000000002,
115,Sri Lanka,116,4.471,,,0.9179999999999999,1.314,0.672,0.585,0.307,0.05,
116,Iraq,117,4.456,,,1.01,0.971,0.536,0.304,0.14800000000000002,0.095,
117,Mali,118,4.447,,,0.37,1.2329999999999999,0.152,0.36700000000000005,0.139,0.055999999999999994,
118,Namibia,119,4.441,,,0.8740000000000001,1.281,0.365,0.519,0.051,0.064,
119,Cambodia,120,4.433,,,0.5489999999999999,1.088,0.457,0.696,0.256,0.065,
120,Burkina Faso,121,4.4239999999999995,,,0.314,1.097,0.254,0.312,0.175,0.128,
121,Egypt,122,4.419,,,0.885,1.025,0.5529999999999999,0.312,0.092,0.107,
122,Mozambique,123,4.417,,,0.198,0.902,0.17300000000000001,0.531,0.20600000000000002,0.158,
123,Kenya,124,4.41,,,0.493,1.048,0.45399999999999996,0.504,0.35200000000000004,0.055,
124,Zambia,125,4.377,,,0.562,1.047,0.295,0.503,0.221,0.08199999999999999,
125,Mauritania,126,4.356,,,0.557,1.245,0.292,0.129,0.134,0.09300000000000001,
126,Ethiopia,127,4.35,,,0.308,0.95,0.391,0.452,0.22,0.146,
127,Georgia,128,4.34,,,0.853,0.5920000000000001,0.643,0.375,0.038,0.215,
128,Armenia,129,4.321000000000001,,,0.816,0.99,0.6659999999999999,0.26,0.077,0.027999999999999997,
129,Myanmar,130,4.308,,,0.682,1.1740000000000002,0.429,0.58,0.598,0.17800000000000002,
130,Chad,131,4.301,,,0.358,0.907,0.053,0.18899999999999997,0.18100000000000002,0.06,
131,Congo (Kinshasa),132,4.245,,,0.069,1.136,0.204,0.312,0.19699999999999998,0.052000000000000005,
132,India,133,4.19,,,0.721,0.747,0.485,0.539,0.172,0.09300000000000001,
133,Niger,134,4.166,,,0.131,0.867,0.221,0.39,0.175,0.099,
134,Uganda,135,4.1610000000000005,,,0.322,1.09,0.237,0.45,0.259,0.061,
135,Benin,136,4.141,,,0.37799999999999995,0.37200000000000005,0.24,0.44,0.163,0.067,
136,Sudan,137,4.138999999999999,,,0.605,1.24,0.312,0.016,0.134,0.08199999999999999,
137,Ukraine,138,4.103,,,0.7929999999999999,1.413,0.609,0.163,0.187,0.011000000000000001,
138,Togo,139,3.9989999999999997,,,0.259,0.474,0.253,0.434,0.158,0.10099999999999999,
139,Guinea,140,3.964,,,0.344,0.792,0.21100000000000002,0.39399999999999996,0.185,0.094,
140,Lesotho,141,3.8080000000000003,,,0.47200000000000003,1.215,0.079,0.423,0.11599999999999999,0.11199999999999999,
141,Angola,142,3.795,,,0.73,1.125,0.26899999999999996,0.0,0.079,0.061,
142,Madagascar,143,3.7739999999999996,,,0.262,0.9079999999999999,0.402,0.221,0.155,0.049,
143,Zimbabwe,144,3.6919999999999997,,,0.35700000000000004,1.094,0.248,0.406,0.132,0.099,
144,Afghanistan,145,3.6319999999999997,,,0.332,0.537,0.255,0.085,0.191,0.036000000000000004,
145,Botswana,146,3.59,,,1.0170000000000001,1.1740000000000002,0.41700000000000004,0.557,0.042,0.092,
146,Malawi,147,3.5869999999999997,,,0.18600000000000003,0.541,0.306,0.531,0.21,0.08,
147,Haiti,148,3.582,,,0.315,0.7140000000000001,0.289,0.025,0.392,0.10400000000000001,
148,Liberia,149,3.495,,,0.076,0.858,0.267,0.419,0.20600000000000002,0.03,
149,Syria,150,3.4619999999999997,,,0.6890000000000001,0.382,0.539,0.08800000000000001,0.376,0.14400000000000002,
150,Rwanda,151,3.408,,,0.332,0.8959999999999999,0.4,0.636,0.2,0.444,
151,Yemen,152,3.355,,,0.442,1.073,0.34299999999999997,0.244,0.083,0.064,
152,Tanzania,153,3.303,,,0.455,0.991,0.381,0.48100000000000004,0.27,0.09699999999999999,
153,South Sudan,154,3.2539999999999996,,,0.337,0.608,0.177,0.11199999999999999,0.22399999999999998,0.106,
154,Central African Republic,155,3.083,,,0.024,0.0,0.01,0.305,0.218,0.038,
155,Burundi,156,2.905,,,0.091,0.627,0.145,0.065,0.149,0.076,
0,Finland,1,7.769,,,1.34,1.587,0.986,0.596,0.153,0.39299999999999996,
1,Denmark,2,7.6,,,1.383,1.5730000000000002,0.996,0.5920000000000001,0.252,0.41,
2,Norway,3,7.553999999999999,,,1.4880000000000002,1.5819999999999999,1.028,0.603,0.271,0.341,
3,Iceland,4,7.494,,,1.38,1.624,1.026,0.591,0.354,0.11800000000000001,
4,Netherlands,5,7.4879999999999995,,,1.396,1.5219999999999998,0.9990000000000001,0.557,0.322,0.298,
5,Switzerland,6,7.48,,,1.452,1.526,1.052,0.5720000000000001,0.263,0.34299999999999997,
6,Sweden,7,7.343,,,1.3869999999999998,1.4869999999999999,1.0090000000000001,0.574,0.267,0.373,
7,New Zealand,8,7.307,,,1.3030000000000002,1.557,1.026,0.585,0.33,0.38,
8,Canada,9,7.278,,,1.365,1.505,1.0390000000000001,0.584,0.285,0.308,
9,Austria,10,7.246,,,1.376,1.475,1.016,0.532,0.244,0.226,
10,Australia,11,7.228,,,1.3719999999999999,1.548,1.036,0.557,0.332,0.29,
11,Costa Rica,12,7.167000000000001,,,1.034,1.4409999999999998,0.963,0.5579999999999999,0.14400000000000002,0.09300000000000001,
12,Israel,13,7.138999999999999,,,1.276,1.455,1.0290000000000001,0.371,0.261,0.08199999999999999,
13,Luxembourg,14,7.09,,,1.609,1.479,1.012,0.526,0.19399999999999998,0.316,
14,United Kingdom,15,7.053999999999999,,,1.3330000000000002,1.538,0.996,0.45,0.348,0.278,
15,Ireland,16,7.021,,,1.499,1.5530000000000002,0.9990000000000001,0.516,0.298,0.31,
16,Germany,17,6.985,,,1.3730000000000002,1.454,0.987,0.495,0.261,0.265,
17,Belgium,18,6.922999999999999,,,1.3559999999999999,1.504,0.986,0.473,0.16,0.21,
18,United States,19,6.892,,,1.433,1.4569999999999999,0.8740000000000001,0.45399999999999996,0.28,0.128,
19,Czech Republic,20,6.852,,,1.2690000000000001,1.4869999999999999,0.92,0.457,0.046,0.036000000000000004,
20,United Arab Emirates,21,6.825,,,1.5030000000000001,1.31,0.825,0.598,0.262,0.182,
21,Malta,22,6.726,,,1.3,1.52,0.9990000000000001,0.564,0.375,0.151,
22,Mexico,23,6.595,,,1.07,1.3230000000000002,0.861,0.433,0.07400000000000001,0.073,
23,France,24,6.5920000000000005,,,1.324,1.472,1.045,0.436,0.111,0.183,
24,Taiwan,25,6.446000000000001,,,1.368,1.43,0.914,0.35100000000000003,0.242,0.09699999999999999,
25,Chile,26,6.444,,,1.159,1.369,0.92,0.35700000000000004,0.187,0.055999999999999994,
26,Guatemala,27,6.436,,,0.8,1.2690000000000001,0.746,0.535,0.175,0.078,
27,Saudi Arabia,28,6.375,,,1.403,1.357,0.795,0.439,0.08,0.132,
28,Qatar,29,6.374,,,1.6840000000000002,1.3130000000000002,0.871,0.555,0.22,0.16699999999999998,
29,Spain,30,6.354,,,1.286,1.484,1.062,0.36200000000000004,0.153,0.079,
30,Panama,31,6.321000000000001,,,1.149,1.442,0.91,0.516,0.109,0.054000000000000006,
31,Brazil,32,6.3,,,1.004,1.439,0.802,0.39,0.099,0.086,
32,Uruguay,33,6.292999999999999,,,1.124,1.465,0.8909999999999999,0.523,0.127,0.15,
33,Singapore,34,6.2620000000000005,,,1.5719999999999998,1.463,1.141,0.556,0.271,0.45299999999999996,
34,El Salvador,35,6.252999999999999,,,0.794,1.242,0.789,0.43,0.09300000000000001,0.07400000000000001,
35,Italy,36,6.223,,,1.294,1.4880000000000002,1.0390000000000001,0.231,0.158,0.03,
36,Bahrain,37,6.199,,,1.3619999999999999,1.368,0.871,0.536,0.255,0.11,
37,Slovakia,38,6.1979999999999995,,,1.246,1.504,0.8809999999999999,0.33399999999999996,0.121,0.013999999999999999,
38,Trinidad & Tobago,39,6.192,,,1.2309999999999999,1.4769999999999999,0.713,0.489,0.185,0.016,
39,Poland,40,6.182,,,1.206,1.4380000000000002,0.884,0.483,0.11699999999999999,0.05,
40,Uzbekistan,41,6.1739999999999995,,,0.745,1.5290000000000001,0.7559999999999999,0.631,0.322,0.24,
41,Lithuania,42,6.149,,,1.238,1.515,0.818,0.29100000000000004,0.043,0.042,
42,Colombia,43,6.125,,,0.985,1.41,0.841,0.47,0.099,0.034,
43,Slovenia,44,6.117999999999999,,,1.258,1.5230000000000001,0.953,0.564,0.14400000000000002,0.057,
44,Nicaragua,45,6.105,,,0.6940000000000001,1.325,0.835,0.435,0.2,0.127,
45,Kosovo,46,6.1,,,0.882,1.232,0.758,0.489,0.262,0.006,
46,Argentina,47,6.086,,,1.092,1.432,0.8809999999999999,0.47100000000000003,0.066,0.05,
47,Romania,48,6.07,,,1.162,1.232,0.825,0.462,0.083,0.005,
48,Cyprus,49,6.046,,,1.263,1.2229999999999999,1.042,0.406,0.19,0.040999999999999995,
49,Ecuador,50,6.028,,,0.912,1.3119999999999998,0.868,0.498,0.126,0.087,
50,Kuwait,51,6.021,,,1.5,1.319,0.8079999999999999,0.493,0.142,0.09699999999999999,
51,Thailand,52,6.007999999999999,,,1.05,1.409,0.828,0.557,0.359,0.027999999999999997,
52,Latvia,53,5.94,,,1.187,1.465,0.812,0.264,0.075,0.064,
53,South Korea,54,5.895,,,1.301,1.219,1.036,0.159,0.175,0.055999999999999994,
54,Estonia,55,5.893,,,1.237,1.528,0.8740000000000001,0.495,0.10300000000000001,0.161,
55,Jamaica,56,5.89,,,0.831,1.4780000000000002,0.831,0.49,0.107,0.027999999999999997,
56,Mauritius,57,5.888,,,1.12,1.402,0.7979999999999999,0.498,0.215,0.06,
57,Japan,58,5.886,,,1.327,1.419,1.088,0.445,0.069,0.14,
58,Honduras,59,5.86,,,0.642,1.236,0.828,0.507,0.24600000000000002,0.078,
59,Kazakhstan,60,5.809,,,1.173,1.508,0.7290000000000001,0.41,0.146,0.096,
60,Bolivia,61,5.779,,,0.7759999999999999,1.209,0.706,0.511,0.13699999999999998,0.064,
61,Hungary,62,5.757999999999999,,,1.2009999999999998,1.41,0.828,0.19899999999999998,0.081,0.02,
62,Paraguay,63,5.742999999999999,,,0.855,1.475,0.777,0.514,0.184,0.08,
63,Northern Cyprus,64,5.718,,,1.263,1.252,1.042,0.41700000000000004,0.191,0.162,
64,Peru,65,5.697,,,0.96,1.274,0.8540000000000001,0.455,0.083,0.027000000000000003,
65,Portugal,66,5.693,,,1.2209999999999999,1.431,0.9990000000000001,0.508,0.047,0.025,
66,Pakistan,67,5.653,,,0.677,0.8859999999999999,0.535,0.313,0.22,0.098,
67,Russia,68,5.648,,,1.183,1.452,0.726,0.33399999999999996,0.08199999999999999,0.031,
68,Philippines,69,5.631,,,0.807,1.2930000000000001,0.657,0.5579999999999999,0.11699999999999999,0.107,
69,Serbia,70,5.603,,,1.004,1.383,0.8540000000000001,0.282,0.13699999999999998,0.039,
70,Moldova,71,5.529,,,0.685,1.328,0.7390000000000001,0.245,0.18100000000000002,0.0,
71,Libya,72,5.525,,,1.044,1.3030000000000002,0.6729999999999999,0.41600000000000004,0.133,0.152,
72,Montenegro,73,5.523,,,1.051,1.361,0.871,0.19699999999999998,0.142,0.08,
73,Tajikistan,74,5.4670000000000005,,,0.493,1.0979999999999999,0.718,0.389,0.23,0.14400000000000002,
74,Croatia,75,5.432,,,1.155,1.266,0.914,0.29600000000000004,0.11900000000000001,0.022000000000000002,
75,Hong Kong,76,5.43,,,1.4380000000000002,1.2770000000000001,1.122,0.44,0.258,0.287,
76,Dominican Republic,77,5.425,,,1.015,1.401,0.779,0.49700000000000005,0.113,0.10099999999999999,
77,Bosnia and Herzegovina,78,5.386,,,0.945,1.212,0.845,0.212,0.263,0.006,
78,Turkey,79,5.372999999999999,,,1.183,1.36,0.8079999999999999,0.195,0.083,0.106,
79,Malaysia,80,5.3389999999999995,,,1.2209999999999999,1.171,0.828,0.508,0.26,0.024,
80,Belarus,81,5.3229999999999995,,,1.067,1.465,0.789,0.235,0.094,0.142,
81,Greece,82,5.287000000000001,,,1.181,1.156,0.9990000000000001,0.067,0.0,0.034,
82,Mongolia,83,5.285,,,0.948,1.531,0.667,0.317,0.235,0.038,
83,North Macedonia,84,5.274,,,0.983,1.294,0.838,0.345,0.185,0.034,
84,Nigeria,85,5.265,,,0.696,1.111,0.245,0.426,0.215,0.040999999999999995,
85,Kyrgyzstan,86,5.261,,,0.551,1.4380000000000002,0.723,0.508,0.3,0.023,
86,Turkmenistan,87,5.247000000000001,,,1.052,1.538,0.657,0.39399999999999996,0.244,0.027999999999999997,
87,Algeria,88,5.211,,,1.002,1.16,0.785,0.086,0.073,0.114,
88,Morocco,89,5.207999999999999,,,0.8009999999999999,0.782,0.782,0.418,0.036000000000000004,0.076,
89,Azerbaijan,90,5.207999999999999,,,1.043,1.147,0.769,0.35100000000000003,0.035,0.182,
90,Lebanon,91,5.197,,,0.987,1.224,0.815,0.21600000000000003,0.166,0.027000000000000003,
91,Indonesia,92,5.192,,,0.9309999999999999,1.203,0.66,0.491,0.498,0.027999999999999997,
92,China,93,5.191,,,1.0290000000000001,1.125,0.893,0.521,0.057999999999999996,0.1,
93,Vietnam,94,5.175,,,0.741,1.3459999999999999,0.851,0.5429999999999999,0.147,0.073,
94,Bhutan,95,5.082,,,0.813,1.321,0.604,0.457,0.37,0.16699999999999998,
95,Cameroon,96,5.044,,,0.5489999999999999,0.91,0.331,0.381,0.187,0.037000000000000005,
96,Bulgaria,97,5.011,,,1.092,1.5130000000000001,0.815,0.311,0.081,0.004,
97,Ghana,98,4.996,,,0.611,0.868,0.486,0.381,0.245,0.04,
98,Ivory Coast,99,4.944,,,0.569,0.8079999999999999,0.23199999999999998,0.35200000000000004,0.154,0.09,
99,Nepal,100,4.913,,,0.446,1.226,0.677,0.439,0.285,0.08900000000000001,
100,Jordan,101,4.906000000000001,,,0.8370000000000001,1.225,0.815,0.38299999999999995,0.11,0.13,
101,Benin,102,4.883,,,0.39299999999999996,0.43700000000000006,0.397,0.349,0.175,0.08199999999999999,
102,Congo (Brazzaville),103,4.812,,,0.6729999999999999,0.799,0.508,0.37200000000000005,0.105,0.09300000000000001,
103,Gabon,104,4.7989999999999995,,,1.057,1.183,0.5710000000000001,0.295,0.043,0.055,
104,Laos,105,4.796,,,0.764,1.03,0.551,0.547,0.266,0.16399999999999998,
105,South Africa,106,4.7219999999999995,,,0.96,1.351,0.469,0.389,0.13,0.055,
106,Albania,107,4.718999999999999,,,0.9470000000000001,0.848,0.8740000000000001,0.38299999999999995,0.17800000000000002,0.027000000000000003,
107,Venezuela,108,4.707,,,0.96,1.4269999999999998,0.805,0.154,0.064,0.047,
108,Cambodia,109,4.7,,,0.574,1.122,0.637,0.609,0.23199999999999998,0.062,
109,Palestinian Territories,110,4.696000000000001,,,0.657,1.247,0.672,0.225,0.10300000000000001,0.066,
110,Senegal,111,4.681,,,0.45,1.1340000000000001,0.5710000000000001,0.292,0.153,0.07200000000000001,
111,Somalia,112,4.668,,,0.0,0.698,0.268,0.5589999999999999,0.243,0.27,
112,Namibia,113,4.638999999999999,,,0.879,1.3130000000000002,0.47700000000000004,0.401,0.07,0.055999999999999994,
113,Niger,114,4.628,,,0.138,0.774,0.366,0.318,0.188,0.102,
114,Burkina Faso,115,4.587,,,0.331,1.056,0.38,0.255,0.177,0.113,
115,Armenia,116,4.559,,,0.85,1.055,0.815,0.28300000000000003,0.095,0.064,
116,Iran,117,4.548,,,1.1,0.8420000000000001,0.785,0.305,0.27,0.125,
117,Guinea,118,4.534,,,0.38,0.8290000000000001,0.375,0.332,0.207,0.086,
118,Georgia,119,4.519,,,0.8859999999999999,0.6659999999999999,0.752,0.34600000000000003,0.043,0.16399999999999998,
119,Gambia,120,4.516,,,0.308,0.9390000000000001,0.428,0.382,0.26899999999999996,0.16699999999999998,
120,Kenya,121,4.5089999999999995,,,0.512,0.983,0.581,0.431,0.37200000000000005,0.053,
121,Mauritania,122,4.49,,,0.57,1.167,0.489,0.066,0.106,0.08800000000000001,
122,Mozambique,123,4.466,,,0.204,0.986,0.39,0.494,0.19699999999999998,0.138,
123,Tunisia,124,4.461,,,0.9209999999999999,1.0,0.815,0.16699999999999998,0.059000000000000004,0.055,
124,Bangladesh,125,4.456,,,0.562,0.9279999999999999,0.723,0.527,0.166,0.14300000000000002,
125,Iraq,126,4.437,,,1.043,0.98,0.574,0.24100000000000002,0.14800000000000002,0.08900000000000001,
126,Congo (Kinshasa),127,4.418,,,0.094,1.125,0.35700000000000004,0.26899999999999996,0.212,0.053,
127,Mali,128,4.39,,,0.385,1.105,0.308,0.327,0.153,0.052000000000000005,
128,Sierra Leone,129,4.374,,,0.268,0.841,0.242,0.309,0.252,0.045,
129,Sri Lanka,130,4.3660000000000005,,,0.9490000000000001,1.265,0.831,0.47,0.244,0.047,
130,Myanmar,131,4.36,,,0.71,1.181,0.555,0.525,0.5660000000000001,0.172,
131,Chad,132,4.35,,,0.35,0.7659999999999999,0.192,0.174,0.198,0.078,
132,Ukraine,133,4.332,,,0.82,1.39,0.7390000000000001,0.17800000000000002,0.187,0.01,
133,Ethiopia,134,4.2860000000000005,,,0.336,1.033,0.532,0.344,0.209,0.1,
134,Swaziland,135,4.212,,,0.8109999999999999,1.149,0.0,0.313,0.07400000000000001,0.135,
135,Uganda,136,4.189,,,0.332,1.069,0.44299999999999995,0.35600000000000004,0.252,0.06,
136,Egypt,137,4.166,,,0.9129999999999999,1.0390000000000001,0.644,0.24100000000000002,0.076,0.067,
137,Zambia,138,4.107,,,0.578,1.058,0.426,0.431,0.247,0.087,
138,Togo,139,4.085,,,0.275,0.5720000000000001,0.41,0.293,0.177,0.085,
139,India,140,4.015,,,0.755,0.765,0.588,0.498,0.2,0.085,
140,Liberia,141,3.975,,,0.073,0.922,0.44299999999999995,0.37,0.233,0.033,
141,Comoros,142,3.9730000000000003,,,0.27399999999999997,0.757,0.505,0.142,0.275,0.078,
142,Madagascar,143,3.9330000000000003,,,0.27399999999999997,0.9159999999999999,0.555,0.14800000000000002,0.16899999999999998,0.040999999999999995,
143,Lesotho,144,3.802,,,0.489,1.169,0.168,0.359,0.107,0.09300000000000001,
144,Burundi,145,3.775,,,0.046,0.447,0.38,0.22,0.17600000000000002,0.18,
145,Zimbabwe,146,3.6630000000000003,,,0.366,1.114,0.433,0.361,0.151,0.08900000000000001,
146,Haiti,147,3.597,,,0.32299999999999995,0.688,0.449,0.026000000000000002,0.419,0.11,
147,Botswana,148,3.488,,,1.041,1.145,0.5379999999999999,0.455,0.025,0.1,
148,Syria,149,3.4619999999999997,,,0.619,0.37799999999999995,0.44,0.013000000000000001,0.331,0.141,
149,Malawi,150,3.41,,,0.191,0.56,0.495,0.44299999999999995,0.218,0.08900000000000001,
150,Yemen,151,3.38,,,0.287,1.163,0.46299999999999997,0.14300000000000002,0.10800000000000001,0.077,
151,Rwanda,152,3.3339999999999996,,,0.359,0.711,0.614,0.555,0.217,0.41100000000000003,
152,Tanzania,153,3.2310000000000003,,,0.47600000000000003,0.885,0.499,0.41700000000000004,0.276,0.147,
153,Afghanistan,154,3.2030000000000003,,,0.35,0.517,0.361,0.0,0.158,0.025,
154,Central African Republic,155,3.083,,,0.026000000000000002,0.0,0.105,0.225,0.235,0.035,
155,South Sudan,156,2.853,,,0.306,0.575,0.295,0.01,0.20199999999999999,0.091,
